Timestamp,Price
1611362322,1.83573234 
1611362323,1.83573234 
1611362324,1.83573234 
1611362325,1.83573234 
1611362326,1.83573234 
1611362327,1.83573234 
1611362328,1.83573234 
1611362329,1.83573234 
1611362330,1.83573234 
1611362331,1.83573234 
1611362332,1.83573234 
1611362333,1.83573234 
1611362334,1.83573234 
1611362336,1.83573234 
1611362336,1.83573234 
1611362337,1.83573234 
1611362339,1.83573234 
1611362340,1.83573234 
1611362341,1.84899518 
1611362342,1.86225675 
1611362343,1.86225675 
1611362344,1.86225675 
1611362345,1.86225675 
1611362346,1.86225675 
1611362347,1.86225675 
1611362348,1.86225675 
1611362349,1.86225675 
1611362350,1.86225675 
1611362351,1.86225675 
1611362352,1.86225675 
1611362353,1.86225675 
1611362354,1.86225675 
1611362355,1.86225675 
1611362356,1.86225675 
1611362357,1.86225675 
1611362358,1.86225675 
1611362359,1.86225675 
1611362360,1.86225675 
1611362361,1.86225675 
1611362362,1.86225675 
1611362363,1.86225675 
1611362364,1.86225675 
1611362365,1.86225675 
1611362366,1.86225675 
1611362367,1.86225675 
1611362368,1.86225675 
1611362369,1.86225675 
1611362370,1.86225675 
1611362371,1.86225675 
1611362372,1.86225675 
1611362373,1.86225675 
1611362374,1.86225675 
1611362375,1.86225675 
1611362376,1.86225675 
1611362377,1.86225675 
1611362378,1.86225675 
1611362379,1.86225675 
1611362380,1.86225675 
1611362381,1.86225675 
1611362382,1.86225675 
1611362383,1.86225675 
1611362384,1.86225675 
1611362385,1.86225675 
1611362386,1.84170386 
1611362388,1.84170386 
1611362389,1.84170386 
1611362390,1.84170386 
1611362391,1.84170386 
1611362392,1.84170386 
1611362393,1.84170386 
1611362394,1.84170386 
1611362395,1.84170386 
1611362396,1.84170386 
1611362397,1.84170386 
1611362398,1.84170386 
1611362399,1.84170386 
1611362400,1.84170386 
1611362401,1.84170386 
1611362402,1.84170386 
1611362403,1.84170386 
1611362404,1.84170386 
1611362405,1.84170386 
1611362406,1.85677213 
1611362407,1.85677213 
1611362408,1.85677213 
1611362409,1.85677213 
1611362410,1.85677213 
1611362411,1.85677213 
1611362413,1.85677213 
1611362414,1.85677213 
1611362415,1.85677213 
1611362416,1.85677213 
1611362417,1.84998495 
1611362418,1.84998495 
1611362419,1.84998495 
1611362420,1.84998495 
1611362421,1.84998495 
1611362422,1.84998495 
1611362423,1.84998495 
1611362424,1.84998495 
1611362425,1.84998495 
1611362426,1.84998495 
1611362427,1.84998495 
1611362428,1.84998495 
1611362429,1.84998495 
1611362430,1.84998495 
1611362431,1.84998495 
1611362432,1.84998495 
1611362433,1.84998495 
1611362434,1.84998495 
1611362435,1.84998495 
1611362436,1.84998495 
1611362437,1.84998495 
1611362438,1.84998495 
1611362439,1.84998495 
1611362440,1.84998495 
1611362441,1.84998495 
1611362442,1.84998495 
1611362443,1.84488159 
1611362444,1.83977129 
1611362445,1.83977129 
1611362446,1.83977129 
1611362447,1.83977129 
1611362448,1.83977129 
1611362449,1.83977129 
1611362450,1.83977129 
1611362451,1.83977129 
1611362452,1.83977129 
1611362453,1.83977129 
1611362454,1.83977129 
1611362455,1.83977129 
1611362456,1.83977129 
1611362457,1.83977129 
1611362458,1.83977129 
1611362459,1.83977129 
1611362460,1.83977129 
1611362461,1.83977129 
1611362462,1.83977129 
1611362463,1.83977129 
1611362464,1.83977129 
1611362465,1.83977129 
1611362467,1.83977129 
1611362468,1.83977129 
1611362469,1.83977129 
1611362470,1.83977129 
1611362470,1.83977129 
1611362472,1.83977129 
1611362473,1.83977129 
1611362474,1.83977129 
1611362475,1.83977129 
1611362476,1.83977129 
1611362477,1.83977129 
1611362478,1.83977129 
1611362479,1.83977129 
1611362480,1.83977129 
1611362481,1.83977129 
1611362482,1.83977129 
1611362483,1.83977129 
1611362484,1.83977129 
1611362485,1.83977129 
1611362486,1.83977129 
1611362487,1.83977129 
1611362488,1.83945834 
1611362489,1.83914450 
1611362491,1.83914450 
1611362492,1.83914450 
1611362493,1.83914450 
1611362494,1.83914450 
1611362495,1.92342702 
1611362496,1.92342702 
1611362497,1.92342702 
1611362498,1.92342702 
1611362499,1.92342702 
1611362500,1.92342702 
1611362501,1.92342702 
1611362502,1.92342702 
1611362503,1.92342702 
1611362504,1.92342702 
1611362505,1.92342702 
1611362506,1.92342702 
1611362507,1.91021909 
1611362508,1.91021909 
1611362509,1.91021909 
1611362516,1.91021909 
1611362517,1.91021909 
1611362518,1.91021909 
1611362519,1.91021909 
1611362520,1.91021909 
1611362521,1.91021909 
1611362522,1.91021909 
1611362523,1.91021909 
1611362524,1.91021909 
1611362525,1.91021909 
1611362526,1.91021909 
1611362527,1.91021909 
1611362528,1.91021909 
1611362529,1.91021909 
1611362530,1.91021909 
1611362532,1.91021909 
1611362533,1.91021909 
1611362534,1.91021909 
1611362535,1.91021909 
1611362536,1.91021909 
1611362537,1.91021909 
1611362538,1.91021909 
1611362539,1.91021909 
1611362540,1.91021909 
1611362541,1.91021909 
1611362542,1.91021909 
1611362543,1.91021909 
1611362544,1.91021909 
1611362545,1.91021909 
1611362546,1.91021909 
1611362547,1.91021909 
1611362548,1.91021909 
1611362549,1.91021909 
1611362550,1.91021909 
1611362551,1.91021909 
1611362552,1.91021909 
1611362553,1.91021909 
1611362554,1.91021909 
1611362555,1.91021909 
1611362556,1.91021909 
1611362557,2.00303552 
1611362558,2.00303552 
1611362559,2.00303552 
1611362560,2.00303552 
1611362561,2.00303552 
1611362562,2.00303552 
1611362563,2.00303552 
1611362564,2.00303552 
1611362565,2.00303552 
1611362566,2.00303552 
1611362567,2.00303552 
1611362568,2.00303552 
1611362570,2.00303552 
1611362571,2.00303552 
1611362572,2.00303552 
1611362573,1.99998347 
1611362574,1.99692690 
1611362575,1.99692690 
1611362576,1.99692690 
1611362577,1.99692690 
1611362578,1.99692690 
1611362579,1.99692690 
1611362580,1.99692690 
1611362581,1.99692690 
1611362582,1.99692690 
1611362583,1.99692690 
1611362584,1.99692690 
1611362586,1.99692690 
1611362587,1.99692690 
1611362588,1.99692690 
1611362589,1.99692690 
1611362590,1.99692690 
1611362591,1.99692690 
1611362592,1.99692690 
1611362593,1.99692690 
1611362594,1.99692690 
1611362595,1.99692690 
1611362596,1.99692690 
1611362597,1.99692690 
1611362598,1.99692690 
1611362599,1.99692690 
1611362600,1.99692690 
1611362602,1.99692690 
1611362603,1.99692690 
1611362604,1.95220687 
1611362605,1.90835971 
1611362606,1.90835971 
1611362607,1.90835971 
1611362608,1.90835971 
1611362609,1.92188125 
1611362610,1.92188125 
1611362611,1.92188125 
1611362612,1.92188125 
1611362613,1.92188125 
1611362614,1.92188125 
1611362615,1.92188125 
1611362616,1.92188125 
1611362617,1.92188125 
1611362618,1.92188125 
1611362619,1.92188125 
1611362620,1.92188125 
1611362621,1.92188125 
1611362622,1.92185184 
1611362624,1.92185184 
1611362625,1.92185184 
1611362626,1.92185184 
1611362627,1.92185184 
1611362628,1.92185184 
1611362629,1.92185184 
1611362630,1.92185184 
1611362631,1.92185184 
1611362632,1.92185184 
1611362633,1.92185184 
1611362634,1.92185184 
1611362635,1.92185184 
1611362636,1.92185184 
1611362637,1.92185184 
1611362638,1.92185184 
1611362639,1.92185184 
1611362640,1.92185184 
1611362641,1.92185184 
1611362642,1.92185184 
1611362643,1.92185184 
1611362644,1.92185184 
1611362645,1.92185184 
1611362646,1.92185184 
1611362647,1.92185184 
1611362648,1.92185184 
1611362649,1.92185184 
1611362650,1.92185184 
1611362652,1.92185184 
1611362653,1.92185184 
1611362654,1.92185184 
1611362655,1.92185184 
1611362656,1.92185184 
1611362657,1.92185184 
1611362658,1.92185184 
1611362659,1.92185184 
1611362660,1.92185184 
1611362661,1.92185184 
1611362662,1.92185184 
1611362663,1.92185184 
1611362664,1.92185184 
1611362665,1.92185184 
1611362666,2.00480204 
1611362667,1.89567049 
1611362668,1.89567049 
1611362669,1.89567049 
1611362670,1.89567049 
1611362671,1.89567049 
1611362672,1.89567049 
1611362673,1.89567049 
1611362674,1.94915589 
1611362675,1.94915589 
1611362676,1.94915589 
1611362677,1.94915589 
1611362678,1.94915589 
1611362679,1.94915589 
1611362680,1.94915589 
1611362681,1.94717676 
1611362683,1.94717676 
1611362684,1.94717676 
1611362685,1.94717676 
1611362686,1.94717676 
1611362687,1.94717676 
1611362688,1.94717676 
1611362689,1.94717676 
1611362690,1.94717676 
1611362691,1.94717676 
1611362692,1.94717676 
1611362693,1.94717676 
1611362694,1.94717676 
1611362695,1.94717676 
1611362696,1.94717676 
1611362697,1.94717676 
1611362698,1.94717676 
1611362699,1.94717676 
1611362700,1.94717676 
1611362701,1.94717676 
1611362702,1.94717676 
1611362703,1.94717676 
1611362704,1.94717676 
1611362705,1.94717676 
1611362706,1.94717676 
1611362707,1.95022679 
1611362708,1.95022679 
1611362709,1.95022679 
1611362710,1.95022679 
1611362711,1.95022679 
1611362712,1.95022679 
1611362714,1.95022679 
1611362715,1.95022679 
1611362716,1.95022679 
1611362717,1.95022679 
1611362718,1.95022679 
1611362719,1.95022679 
1611362720,1.95022679 
1611362721,1.95022679 
1611362722,1.95022679 
1611362723,1.95022679 
1611362724,1.95022679 
1611362725,1.95022679 
1611362726,1.95022679 
1611362727,1.95022679 
1611362728,1.95022679 
1611362729,1.95022679 
1611362730,1.95022679 
1611362731,1.95022679 
1611362732,1.95022679 
1611362733,1.95022679 
1611362734,1.95022679 
1611362735,1.95022679 
1611362736,1.95022679 
1611362737,1.95022679 
1611362738,1.95022679 
1611362739,1.95022679 
1611362740,1.95022679 
1611362741,1.95022679 
1611362742,1.95022679 
1611362743,1.95022679 
1611362744,1.95022679 
1611362745,1.95022679 
1611362746,1.95022679 
1611362747,1.95022679 
1611362748,1.95022679 
1611362749,1.95022679 
1611362750,1.95022679 
1611362751,1.95022679 
1611362752,1.95022679 
1611362753,1.95022679 
1611362754,1.95022679 
1611362755,1.95022679 
1611362756,1.95022679 
1611362758,1.95022679 
1611362759,1.95022679 
1611362760,1.95022679 
1611362761,1.95022679 
1611362762,1.95022679 
1611362763,1.95022679 
1611362764,1.95022679 
1611362765,1.95022679 
1611362766,1.95022679 
1611362767,1.95022679 
1611362768,1.95022679 
1611362769,1.95022679 
1611362770,1.95022679 
1611362771,1.95022679 
1611362772,1.95022679 
1611362773,1.95022679 
1611362774,1.95022679 
1611362775,1.95022679 
1611362776,1.95022679 
1611362777,1.95022679 
1611362778,1.95022679 
1611362779,1.95022679 
1611362780,1.95022679 
1611362781,1.95022679 
1611362782,1.95022679 
1611362783,1.95022679 
1611362784,1.95022679 
1611362785,1.95022679 
1611362786,1.95022679 
1611362787,1.95022679 
1611362788,1.95022679 
1611362790,1.95022679 
1611362791,1.95022679 
1611362792,1.95022679 
1611362793,1.95022679 
1611362794,1.95022679 
1611362795,1.95022679 
1611362796,1.95022679 
1611362797,1.95022679 
1611362798,1.97925075 
1611362799,1.97925075 
1611362800,1.97925075 
1611362801,1.97925075 
1611362802,1.97925075 
1611362803,1.97925075 
1611362804,1.97925075 
1611362805,1.97925075 
1611362806,1.97925075 
1611362807,1.97925075 
1611362808,1.97925075 
1611362809,1.97925075 
1611362810,1.97925075 
1611362811,1.97925075 
1611362812,1.97925075 
1611362813,1.97925075 
1611362814,1.97925075 
1611362815,1.97925075 
1611362816,1.97925075 
1611362817,1.97925075 
1611362818,1.97925075 
1611362819,1.97925075 
1611362820,1.97925075 
1611362821,1.97925075 
1611362822,1.97925075 
1611362823,1.97925075 
1611362824,1.97925075 
1611362825,1.98754432 
1611362827,1.97925075 
1611362828,1.97925075 
1611362829,1.97925075 
1611362830,1.97925075 
1611362831,1.97925075 
1611362832,1.97925075 
1611362833,1.97925075 
1611362834,1.97925075 
1611362835,1.97925075 
1611362836,1.97925075 
1611362837,1.97925075 
1611362838,1.97925075 
1611362839,1.97925075 
1611362840,1.97925075 
1611362841,1.97925075 
1611362842,1.97925075 
1611362843,1.97925075 
1611362844,1.97925075 
1611362845,1.97925075 
1611362846,1.97925075 
1611362847,1.97925075 
1611362848,1.98409866 
1611362849,1.98894386 
1611362850,1.98894386 
1611362851,1.99233066 
1611362852,1.99233066 
1611362853,1.99233066 
1611362854,1.99233066 
1611362855,1.99233066 
1611362857,1.99233066 
1611362858,1.99233066 
1611362859,1.99233066 
1611362860,1.99233066 
1611362861,1.99233066 
1611362862,1.99233066 
1611362863,1.99233066 
1611362864,1.99233066 
1611362865,1.99233066 
1611362866,1.99233066 
1611362867,1.99233066 
1611362868,1.99233066 
1611362869,1.99233066 
1611362870,1.99233066 
1611362871,1.99233066 
1611362872,1.99233066 
1611362873,1.99233066 
1611362874,1.99233066 
1611362875,1.99233066 
1611362876,1.99233066 
1611362877,1.99233066 
1611362878,1.99233066 
1611362879,1.99233066 
1611362880,1.99233066 
1611362881,1.99233066 
1611362882,1.99233066 
1611362883,1.99233066 
1611362884,1.99233066 
1611362885,1.99445507 
1611362886,1.99445507 
1611362887,1.99445507 
1611362888,1.99445507 
1611362889,1.99445507 
1611362890,1.99445507 
1611362891,1.99445507 
1611362892,1.99445507 
1611362893,1.99445507 
1611362894,1.99445507 
1611362895,1.99445507 
1611362896,1.99445507 
1611362897,1.99445507 
1611362898,1.99445507 
1611362899,1.96516767 
1611362901,1.96516767 
1611362902,1.96516767 
1611362903,1.96516767 
1611362904,1.96516767 
1611362905,1.96516767 
1611362906,1.96516767 
1611362907,1.96516767 
1611362908,1.96516767 
1611362909,1.96516767 
1611362910,1.96516767 
1611362911,1.96516767 
1611362912,1.96516767 
1611362913,1.96516767 
1611362914,1.96516767 
1611362915,1.96516767 
1611362916,1.96516767 
1611362917,1.96516767 
1611362918,1.96516767 
1611362919,1.96516767 
1611362920,1.96516767 
1611362921,1.96516767 
1611362922,1.96516767 
1611362923,1.96516767 
1611362924,1.96516767 
1611362925,1.96516767 
1611362926,1.96516767 
1611362927,1.96516767 
1611362928,1.96516767 
1611362929,1.96516767 
1611362930,1.96516767 
1611362931,1.96516767 
1611362932,1.96516767 
1611362933,1.96516767 
1611362934,1.96516767 
1611362935,1.96516767 
1611362937,1.96516767 
1611362938,1.96516767 
1611362939,1.96516767 
1611362940,1.96516767 
1611362941,1.96516767 
1611362942,1.96516767 
1611362943,1.96714868 
1611362944,1.96822836 
1611362945,1.96822836 
1611362946,1.96822836 
1611362947,1.96822836 
1611362948,1.96822836 
1611362949,1.96822836 
1611362950,1.96822836 
1611362951,1.96822836 
1611362952,1.96822836 
1611362953,1.96822836 
1611362954,1.96822836 
1611362955,1.96822836 
1611362956,1.96822836 
1611362957,1.96822836 
1611362958,1.96822836 
1611362959,1.96822836 
1611362960,1.96822836 
1611362961,1.96822836 
1611362962,1.94520164 
1611362964,1.94520164 
1611362965,1.94520164 
1611362966,1.94520164 
1611362967,1.94520164 
1611362968,1.94520164 
1611362969,1.94520164 
1611362970,1.94520164 
1611362971,1.94520164 
1611362972,1.94520164 
1611362973,1.94520164 
1611362974,1.94520164 
1611362975,1.94520164 
1611362976,1.94520164 
1611362977,1.94520164 
1611362978,1.94520164 
1611362979,1.94520164 
1611362980,1.94520164 
1611362981,1.94520164 
1611362982,1.94520164 
1611362983,1.94520164 
1611362984,1.94520164 
1611362985,1.94520164 
1611362986,1.94520164 
1611362987,1.94520164 
1611362988,1.94520164 
1611362989,1.94520164 
1611362990,1.94520164 
1611362991,1.94520164 
1611362992,1.94520164 
1611362993,1.94520164 
1611362994,1.94520164 
1611362995,1.94520164 
1611362996,1.94520164 
1611362997,1.94520164 
1611362998,1.94520164 
1611362999,1.94520164 
1611363000,1.89030733 
1611363001,1.89030733 
1611363002,1.89030733 
1611363003,1.89030733 
1611363004,1.89030733 
1611363005,1.89030733 
1611363006,1.89030733 
1611363007,1.89030733 
1611363008,1.89030733 
1611363009,1.89030733 
1611363010,1.89030733 
1611363012,1.89030733 
1611363013,1.89030733 
1611363014,1.89030733 
1611363015,1.89030733 
1611363016,1.89030733 
1611363017,1.89030733 
1611363018,1.89030733 
1611363019,1.89030733 
1611363020,1.89030733 
1611363021,1.89030733 
1611363022,1.89030733 
1611363023,1.89949468 
1611363024,1.90869897 
1611363025,1.90869897 
1611363026,1.90869897 
1611363027,1.90869897 
1611363028,1.90869897 
1611363029,1.90869897 
1611363030,1.90869897 
1611363031,1.90869897 
1611363032,1.90869897 
1611363033,1.90869897 
1611363034,1.90869897 
1611363035,1.90869897 
1611363036,1.90869897 
1611363037,1.90869897 
1611363038,1.90869897 
1611363039,1.90869897 
1611363040,1.90869897 
1611363041,1.90869897 
1611363042,1.90869897 
1611363043,1.90869897 
1611363044,1.90869897 
1611363045,1.90869897 
1611363046,1.90869897 
1611363047,1.90869897 
1611363048,1.90869897 
1611363049,1.90869897 
1611363050,1.90869897 
1611363051,1.90869897 
1611363052,1.90869897 
1611363053,1.90869897 
1611363054,1.90869897 
1611363055,1.90869897 
1611363056,1.90869897 
1611363057,1.90869897 
1611363058,1.90869897 
1611363059,1.90869897 
1611363060,1.90869897 
1611363061,1.90869897 
1611363062,1.90869897 
1611363063,1.90869897 
1611363064,1.90869897 
1611363065,1.90869897 
1611363066,1.90869897 
1611363067,1.90869897 
1611363069,1.90869897 
1611363070,1.90869897 
1611363071,1.90869897 
1611363072,1.90869897 
1611363073,1.90869897 
1611363074,1.90869897 
1611363075,1.90869897 
1611363076,1.90869897 
1611363077,1.90869897 
1611363078,1.90869897 
1611363079,1.90869897 
1611363080,1.90869897 
1611363081,1.90869897 
1611363082,1.90869897 
1611363083,1.90869897 
1611363084,1.90869897 
1611363085,1.90869897 
1611363086,1.90869897 
1611363087,1.90869897 
1611363088,1.90869897 
1611363089,1.90869897 
1611363090,1.90869897 
1611363091,1.90869897 
1611363092,1.90869897 
1611363093,1.90869897 
1611363094,1.90869897 
1611363095,1.90988886 
1611363096,1.90988886 
1611363097,1.90988886 
1611363098,1.90988886 
1611363099,1.90988886 
1611363100,1.90988886 
1611363101,1.90988886 
1611363102,1.90988886 
1611363103,1.90988886 
1611363104,1.90988886 
1611363105,1.90988886 
1611363106,1.90988886 
1611363107,1.90988886 
1611363108,1.90988886 
1611363109,1.90988886 
1611363110,1.90988886 
1611363111,1.90988886 
1611363112,1.90988886 
1611363113,1.90988886 
1611363114,1.90988886 
1611363115,1.90988886 
1611363116,1.90793850 
1611363117,1.90793850 
1611363118,1.90793850 
1611363119,1.90793850 
1611363121,1.90793850 
1611363122,1.90793850 
1611363123,1.90793850 
1611363124,1.90793850 
1611363125,1.90793850 
1611363126,1.90793850 
1611363127,1.90793850 
1611363128,1.90793850 
1611363129,1.90793850 
1611363130,1.90793850 
1611363131,1.90793850 
1611363132,1.90793850 
1611363133,1.90793850 
1611363134,1.90793850 
1611363135,1.90793850 
1611363136,1.90793850 
1611363137,1.90793850 
1611363138,1.90793850 
1611363139,1.90793850 
1611363140,1.90793850 
1611363141,1.90793850 
1611363142,1.90793850 
1611363143,1.90793850 
1611363144,1.90793850 
1611363145,1.90793850 
1611363146,1.90835413 
1611363148,1.90793850 
1611363149,1.90793850 
1611363150,1.90793850 
1611363151,1.90793850 
1611363152,1.90793850 
1611363153,1.85468593 
1611363154,1.85468593 
1611363155,1.85159882 
1611363156,1.85159882 
1611363157,1.85159882 
1611363158,1.98639214 
1611363159,1.98639214 
1611363161,1.98639214 
1611363162,1.98639214 
1611363163,1.98639214 
1611363164,1.98639214 
1611363165,1.98639214 
1611363166,1.98639214 
1611363167,1.92696698 
1611363168,1.92696698 
1611363169,1.92696698 
1611363170,1.92696698 
1611363171,1.92696698 
1611363172,1.92696698 
1611363173,1.92696698 
1611363175,1.92696698 
1611363176,1.92696698 
1611363177,1.92696698 
1611363178,1.92696698 
1611363179,1.92696698 
1611363180,1.92696698 
1611363181,1.92696698 
1611363182,1.92696698 
1611363183,1.92696698 
1611363184,1.92696698 
1611363185,1.92696698 
1611363186,1.92696698 
1611363187,1.92696698 
1611363188,1.92696698 
1611363189,1.92696698 
1611363190,1.92696698 
1611363191,1.92696698 
1611363192,1.92696698 
1611363193,1.92696698 
1611363194,1.92696698 
1611363195,1.92696698 
1611363196,1.92696698 
1611363198,1.92696698 
1611363199,1.92696698 
1611363200,1.92696698 
1611363201,1.92696698 
1611363202,1.92696698 
1611363203,1.92696698 
1611363204,1.92696698 
1611363205,1.92696698 
1611363206,1.92696698 
1611363207,1.92696698 
1611363208,1.92696698 
1611363209,1.92696698 
1611363210,1.92696698 
1611363211,1.92696698 
1611363213,1.92696698 
1611363214,1.92696698 
1611363215,1.92696698 
1611363216,1.92696698 
1611363217,1.92696698 
1611363218,1.92696698 
1611363219,1.92696698 
1611363220,1.92696698 
1611363221,1.92696698 
1611363222,1.93788111 
1611363223,1.93788111 
1611363225,1.93788111 
1611363226,1.93788111 
1611363227,1.93788111 
1611363228,1.93788111 
1611363229,1.93788111 
1611363230,1.93788111 
1611363231,1.93788111 
1611363232,1.93788111 
1611363233,1.93788111 
1611363234,1.93788111 
1611363235,1.93788111 
1611363236,1.93788111 
1611363237,1.93788111 
1611363238,1.93788111 
1611363239,1.93788111 
1611363240,1.93788111 
1611363241,1.93788111 
1611363242,1.93788111 
1611363243,1.93788111 
1611363244,1.93788111 
1611363245,1.93788111 
1611363246,1.93788111 
1611363247,1.93788111 
1611363248,1.93788111 
1611363249,1.93788111 
1611363250,1.93788111 
1611363251,1.93788111 
1611363252,1.93788111 
1611363253,1.93788111 
1611363254,1.93788111 
1611363255,1.93788111 
1611363256,1.93788111 
1611363257,1.93788111 
1611363258,1.93788111 
1611363259,1.93788111 
1611363261,1.93788111 
1611363262,1.93788111 
1611363263,1.93788111 
1611363264,1.93788111 
1611363265,1.93788111 
1611363266,1.93788111 
1611363267,1.93788111 
1611363268,1.93788111 
1611363269,1.93788111 
1611363270,1.93788111 
1611363271,1.93788111 
1611363272,1.93788111 
1611363273,1.93788111 
1611363274,1.93788111 
1611363275,1.93788111 
1611363276,1.93788111 
1611363277,1.93788111 
1611363278,1.93788111 
1611363279,1.93788111 
1611363280,1.93788111 
1611363281,1.93788111 
1611363282,1.93788111 
1611363283,1.93788111 
1611363284,1.93788111 
1611363285,1.93788111 
1611363286,1.93788111 
1611363287,1.93788111 
1611363288,1.93788111 
1611363289,1.93788111 
1611363290,1.93788111 
1611363291,1.93788111 
1611363292,1.93788111 
1611363293,1.93788111 
1611363294,1.93788111 
1611363295,1.93788111 
1611363296,1.93788111 
1611363297,1.93788111 
1611363298,1.93788111 
1611363299,1.93788111 
1611363301,1.93788111 
1611363302,1.93788111 
1611363303,1.93788111 
1611363304,1.93788111 
1611363305,1.93788111 
1611363306,1.93788111 
1611363307,1.93788111 
1611363308,1.93788111 
1611363309,1.93788111 
1611363310,1.93788111 
1611363311,1.93788111 
1611363312,1.93788111 
1611363313,1.94236414 
1611363314,1.94677867 
1611363315,1.94677867 
1611363317,1.94677867 
1611363318,1.94677867 
1611363319,1.94677867 
1611363320,1.94677867 
1611363321,1.94677867 
1611363322,1.94677867 
1611363323,1.94677867 
1611363324,1.94677867 
1611363325,1.94677867 
1611363327,1.94677867 
1611363328,1.94677867 
1611363329,1.94677867 
1611363330,1.94677867 
1611363331,1.94677867 
1611363332,1.94677867 
1611363333,1.94677867 
1611363334,1.94677867 
1611363335,1.94677867 
1611363336,1.94677867 
1611363337,1.94677867 
1611363338,1.94677867 
1611363339,1.94677867 
1611363340,1.94677867 
1611363341,1.94677867 
1611363342,1.93151848 
1611363344,1.93151848 
1611363345,1.93151848 
1611363346,1.93151848 
1611363348,1.93151848 
1611363349,1.93151848 
1611363350,1.93151848 
1611363351,1.93151848 
1611363352,1.93151848 
1611363353,1.93151848 
1611363354,1.93151848 
1611363355,1.93151848 
1611363356,1.93151848 
1611363357,1.93151848 
1611363358,1.93151848 
1611363359,1.93151848 
1611363360,1.93151848 
1611363361,1.93151848 
1611363362,1.93151848 
1611363363,1.93151848 
1611363364,1.93151848 
1611363365,1.93151848 
1611363366,1.93151848 
1611363367,1.93151848 
1611363368,1.93151848 
1611363369,1.93151848 
1611363370,1.93151848 
1611363371,1.93151848 
1611363372,1.93151848 
1611363373,1.93151848 
1611363374,1.93151848 
1611363375,1.93151848 
1611363376,1.93151848 
1611363377,1.93151848 
1611363379,1.93151848 
1611363380,1.93151848 
1611363381,1.93151848 
1611363382,1.93151848 
1611363383,1.93151848 
1611363384,1.93151848 
1611363385,1.93151848 
1611363386,1.93151848 
1611363387,1.93151848 
1611363388,1.93151848 
1611363389,1.93151848 
1611363390,1.93151848 
1611363391,1.93151848 
1611363392,1.93151848 
1611363393,1.93151848 
1611363394,1.93151848 
1611363395,1.93151848 
1611363396,1.93151848 
1611363397,1.93151848 
1611363398,1.93151848 
1611363399,1.93151848 
1611363400,1.93151848 
1611363401,1.93151848 
1611363402,1.93151848 
1611363403,1.93151848 
1611363404,1.93151848 
1611363405,1.93151848 
1611363406,1.93151848 
1611363407,1.93151848 
1611363408,1.93151848 
1611363409,1.93151848 
1611363410,1.93151848 
1611363411,1.93151848 
1611363412,1.93151848 
1611363413,1.93151848 
1611363414,1.93151848 
1611363415,1.93151848 
1611363416,1.93151848 
1611363417,1.93151848 
1611363418,1.92452163 
1611363419,1.91752922 
1611363420,1.91752922 
1611363421,1.91752922 
1611363422,1.91752922 
1611363423,1.91752922 
1611363424,1.91752922 
1611363427,1.91752922 
1611363428,1.91752922 
1611363429,1.91752922 
1611363430,1.91752922 
1611363431,1.91752922 
1611363432,1.91752922 
1611363433,1.91752922 
1611363434,1.91752922 
1611363435,1.91752922 
1611363436,1.91752922 
1611363437,1.91752922 
1611363438,1.91752922 
1611363439,1.91752922 
1611363440,1.91752922 
1611363441,1.91752922 
1611363442,1.91752922 
1611363443,1.91752922 
1611363444,1.91752922 
1611363445,1.91752922 
1611363446,1.91752922 
1611363447,1.91752922 
1611363448,1.91752922 
1611363449,1.91752922 
1611363450,1.91752922 
1611363451,1.91752922 
1611363452,1.91752922 
1611363453,1.91752922 
1611363454,1.91752922 
1611363455,1.91752922 
1611363456,1.91752922 
1611363457,1.91752922 
1611363458,1.91752922 
1611363459,1.91752922 
1611363460,1.91752922 
1611363461,1.91752922 
1611363462,1.91752922 
1611363463,1.91752922 
1611363464,1.91752922 
1611363465,1.91752922 
1611363466,1.88279149 
1611363467,1.88279149 
1611363468,1.88279149 
1611363470,1.88279149 
1611363471,1.88279149 
1611363472,1.88279149 
1611363473,1.88279149 
1611363474,1.88279149 
1611363475,1.88279149 
1611363476,1.88279149 
1611363477,1.88279149 
1611363478,1.88279149 
1611363479,1.88279149 
1611363480,1.88279149 
1611363481,1.88279149 
1611363483,1.88279149 
1611363484,1.88279149 
1611363485,1.88279149 
1611363486,1.88279149 
1611363487,1.88279149 
1611363488,1.88279149 
1611363489,1.88279149 
1611363490,1.88279149 
1611363491,1.88279149 
1611363492,1.88279149 
1611363493,1.88279149 
1611363494,1.88279149 
1611363495,1.88279149 
1611363496,1.88279149 
1611363497,1.88279149 
1611363498,1.88279149 
1611363499,1.88279149 
1611363501,1.88279149 
1611363502,1.88279149 
1611363503,1.88279149 
1611363504,1.88279149 
1611363505,1.88279149 
1611363506,1.88279149 
1611363507,1.88279149 
1611363509,1.88279149 
1611363509,1.88279149 
1611363511,1.88279149 
1611363512,1.88279149 
1611363513,1.88279149 
1611363514,1.88279149 
1611363515,1.88279149 
1611363516,1.88279149 
1611363517,1.88279149 
1611363518,1.88279149 
1611363519,1.88279149 
1611363520,1.88279149 
1611363521,1.88279149 
1611363522,1.88279149 
1611363523,1.88279149 
1611363524,1.88279149 
1611363525,1.88279149 
1611363526,1.88279149 
1611363527,1.88279149 
1611363528,1.88279149 
1611363529,1.88279149 
1611363530,1.85511537 
1611363531,1.85511537 
1611363532,1.85511537 
1611363533,1.85511537 
1611363534,1.85511537 
1611363535,1.85511537 
1611363536,1.85511537 
1611363537,1.85511537 
1611363538,1.85511537 
1611363539,1.85192272 
1611363540,1.85192272 
1611363541,1.85192272 
1611363542,1.85192272 
1611363543,1.85192272 
1611363544,1.85192272 
1611363546,1.85192272 
1611363547,1.85192272 
1611363548,1.85192272 
1611363549,1.85192272 
1611363550,1.85192272 
1611363551,1.85192272 
1611363552,1.85192272 
1611363553,1.85192272 
1611363554,1.85192272 
1611363555,1.85192272 
1611363556,1.85192272 
1611363557,1.85192272 
1611363558,1.85192272 
1611363560,1.85192272 
1611363561,1.85192272 
1611363562,1.85192272 
1611363563,1.85192272 
1611363564,1.85192272 
1611363565,1.85192272 
1611363566,1.85192272 
1611363567,1.85192272 
1611363568,1.85192272 
1611363569,1.85192272 
1611363570,1.85192272 
1611363571,1.84303796 
1611363572,1.84303796 
1611363573,1.84303796 
1611363574,1.84303796 
1611363575,1.84303796 
1611363576,1.84303796 
1611363577,1.84303796 
1611363578,1.84303796 
1611363579,1.84303796 
1611363580,1.84303796 
1611363581,1.84303796 
1611363582,1.84303796 
1611363583,1.84303796 
1611363584,1.84303796 
1611363585,1.84303796 
1611363586,1.84303796 
1611363587,1.84303796 
1611363588,1.84303796 
1611363589,1.84303796 
1611363590,1.84303796 
1611363591,1.84303796 
1611363592,1.84303796 
1611363593,1.84303796 
1611363594,1.84303796 
1611363595,1.84303796 
1611363596,1.84303796 
1611363597,1.84303796 
1611363598,1.84303796 
1611363599,1.84303796 
1611363600,1.84303796 
1611363601,1.84303796 
1611363603,1.84303796 
1611363604,1.84303796 
1611363605,1.84303796 
1611363606,1.84303796 
1611363607,1.84303796 
1611363608,1.84303796 
1611363609,1.84303796 
1611363610,1.84303796 
1611363611,1.84303796 
1611363612,1.84303796 
1611363613,1.84303796 
1611363614,1.84303796 
1611363615,1.84303796 
1611363616,1.84303796 
1611363617,1.84303796 
1611363618,1.84303796 
1611363619,1.84303796 
1611363620,1.84303796 
1611363621,1.84303796 
1611363622,1.84303796 
1611363623,1.84303796 
1611363624,1.84303796 
1611363625,1.84303796 
1611363626,1.84303796 
1611363627,1.84303796 
1611363628,1.84303796 
1611363629,1.84303796 
1611363630,1.84303796 
1611363631,1.84122041 
1611363632,1.84122041 
1611363633,1.84122041 
1611363635,1.84122041 
1611363636,1.84122041 
1611363637,1.84122041 
1611363638,1.84122041 
1611363639,1.84122041 
1611363640,1.84122041 
1611363641,1.84122041 
1611363642,1.84122041 
1611363643,1.84122041 
1611363644,1.84122041 
1611363645,1.84122041 
1611363646,1.84122041 
1611363647,1.84122041 
1611363648,1.84122041 
1611363649,1.84122041 
1611363650,1.84122041 
1611363651,1.84122041 
1611363652,1.84122041 
1611363653,1.84122041 
1611363654,1.84122041 
1611363655,1.84122041 
1611363656,1.84122041 
1611363657,1.84122041 
1611363658,1.84122041 
1611363659,1.84122041 
1611363660,1.84122041 
1611363661,1.84122041 
1611363663,1.84122041 
1611363664,1.84122041 
1611363665,1.84122041 
1611363666,1.84122041 
1611363667,1.84122041 
1611363668,1.84122041 
1611363669,1.84122041 
1611363670,1.84122041 
1611363671,1.84122041 
1611363672,1.84122041 
1611363673,1.84122041 
1611363674,1.84122041 
1611363675,1.84122041 
1611363676,1.84122041 
1611363677,1.84122041 
1611363678,1.84122041 
1611363679,1.84122041 
1611363680,1.84122041 
1611363681,1.84122041 
1611363682,1.84122041 
1611363683,1.84122041 
1611363684,1.84122041 
1611363685,1.82570056 
1611363686,1.82570056 
1611363688,1.82570056 
1611363689,1.82570056 
1611363690,1.80883685 
1611363691,1.80883685 
1611363692,1.80883685 
1611363693,1.80883685 
1611363694,1.80883685 
1611363695,1.80883685 
1611363696,1.80883685 
1611363697,1.80883685 
1611363698,1.80883685 
1611363700,1.80883685 
1611363701,1.80883685 
1611363702,1.80883685 
1611363703,1.80883685 
1611363704,1.83441575 
1611363705,1.83441575 
1611363706,1.83441575 
1611363707,1.83441575 
1611363708,1.83441575 
1611363709,1.83441575 
1611363710,1.83441575 
1611363711,1.83441575 
1611363712,1.83441575 
1611363713,1.83441575 
1611363714,1.83441575 
1611363715,1.83441575 
1611363716,1.83441575 
1611363717,1.83441575 
1611363718,1.83441575 
1611363719,1.83441575 
1611363720,1.83441575 
1611363721,1.83441575 
1611363722,1.83441575 
1611363723,1.83441575 
1611363724,1.83441575 
1611363725,1.83441575 
1611363726,1.83441575 
1611363727,1.83441575 
1611363729,1.83441575 
1611363730,1.83441575 
1611363731,1.83441575 
1611363732,1.83441575 
1611363733,1.83441575 
1611363734,1.83441575 
1611363735,1.83441575 
1611363736,1.83441575 
1611363737,1.83441575 
1611363738,1.83441575 
1611363739,1.83441575 
1611363740,1.83441575 
1611363741,1.83441575 
1611363742,1.83441575 
1611363743,1.83441575 
1611363744,1.83441575 
1611363745,1.83441575 
1611363746,1.83441575 
1611363747,1.83441575 
1611363748,1.83441575 
1611363749,1.83441575 
1611363750,1.83441575 
1611363751,1.83441575 
1611363752,1.83441575 
1611363753,1.83441575 
1611363754,1.83441575 
1611363755,1.83441575 
1611363756,1.83441575 
1611363757,1.83441575 
1611363758,1.83441575 
1611363759,1.82063473 
1611363760,1.82063473 
1611363762,1.82063473 
1611363763,1.82063473 
1611363764,1.82063473 
1611363765,1.82063473 
1611363766,1.82063473 
1611363767,1.82063473 
1611363768,1.82063473 
1611363769,1.82063473 
1611363770,1.82063473 
1611363771,1.82063473 
1611363772,1.82063473 
1611363773,1.82063473 
1611363774,1.82063473 
1611363775,1.82063473 
1611363776,1.82063473 
1611363777,1.82063473 
1611363778,1.82063473 
1611363779,1.82063473 
1611363780,1.82063473 
1611363781,1.82063473 
1611363782,1.82063473 
1611363783,1.82063473 
1611363784,1.82063473 
1611363786,1.82063473 
1611363787,1.82063473 
1611363788,1.82063473 
1611363789,1.82063473 
1611363790,1.82063473 
1611363791,1.82063473 
1611363792,1.82063473 
1611363793,1.82063473 
1611363794,1.82063473 
1611363795,1.84460963 
1611363797,1.84460963 
1611363798,1.84460963 
1611363799,1.84460963 
1611363800,1.84460963 
1611363801,1.84460963 
1611363802,1.84460963 
1611363803,1.84460963 
1611363804,1.84460963 
1611363806,1.84460963 
1611363807,1.81394480 
1611363808,1.81394480 
1611363809,1.81394480 
1611363810,1.81394480 
1611363811,1.81394480 
1611363812,1.81394480 
1611363813,1.80860630 
1611363814,1.80860630 
1611363815,1.80860630 
1611363816,1.80860630 
1611363817,1.80860630 
1611363818,1.80860630 
1611363819,1.80860630 
1611363820,1.80860630 
1611363821,1.80860630 
1611363822,1.80860630 
1611363823,1.80860630 
1611363824,1.80860630 
1611363825,1.80860630 
1611363826,1.80860630 
1611363827,1.80860630 
1611363828,1.80860630 
1611363829,1.80860630 
1611363830,1.80860630 
1611363832,1.80860630 
1611363833,1.80860630 
1611363834,1.80860630 
1611363835,1.80860630 
1611363836,1.80860630 
1611363837,1.80860630 
1611363838,1.80860630 
1611363839,1.80860630 
1611363840,1.80860630 
1611363841,1.80860630 
1611363842,1.80860630 
1611363844,1.80860630 
1611363845,1.80860630 
1611363846,1.80860630 
1611363847,1.80860630 
1611363848,1.80860630 
1611363849,1.80860630 
1611363850,1.80860630 
1611363851,1.80860630 
1611363852,1.80860630 
1611363853,1.80860630 
1611363854,1.80860630 
1611363855,1.80860630 
1611363856,1.80860630 
1611363857,1.80860630 
1611363858,1.80860630 
1611363859,1.80860630 
1611363860,1.80860630 
1611363861,1.80860630 
1611363862,1.80860630 
1611363863,1.80875052 
1611363864,1.80875052 
1611363865,1.80875052 
1611363866,1.80875052 
1611363867,1.80875052 
1611363868,1.80875052 
1611363869,1.80875052 
1611363870,1.80875052 
1611363872,1.80875052 
1611363873,1.80875052 
1611363874,1.80875052 
1611363875,1.80875052 
1611363876,1.80875052 
1611363877,1.80875052 
1611363878,1.80875052 
1611363879,1.80875052 
1611363880,1.80875052 
1611363881,1.80875052 
1611363882,1.80875052 
1611363883,1.80875052 
1611363884,1.80875052 
1611363885,1.80875052 
1611363886,1.80875052 
1611363887,1.80875052 
1611363888,1.80875052 
1611363889,1.80875052 
1611363890,1.80875052 
1611363891,1.80875052 
1611363892,1.80875052 
1611363893,1.80875052 
1611363894,1.80875052 
1611363895,1.80749221 
1611363896,1.80623100 
1611363897,1.80623100 
1611363899,1.80623100 
1611363900,1.80623100 
1611363901,1.80623100 
1611363902,1.80623100 
1611363903,1.80623100 
1611363904,1.80623100 
1611363905,1.80623100 
1611363906,1.80623100 
1611363907,1.80623100 
1611363908,1.80623100 
1611363909,1.80623100 
1611363910,1.80623100 
1611363911,1.80623100 
1611363912,1.80623100 
1611363913,1.80623100 
1611363914,1.80623100 
1611363915,1.80623100 
1611363916,1.80623100 
1611363917,1.80623100 
1611363918,1.80623100 
1611363919,1.80791778 
1611363920,1.80791778 
1611363921,1.80791778 
1611363922,1.80791778 
1611363923,1.80791778 
1611363924,1.80791778 
1611363925,1.80791778 
1611363926,1.80791778 
1611363927,1.80791778 
1611363928,1.80791778 
1611363929,1.80791778 
1611363930,1.80791778 
1611363931,1.80791778 
1611363932,1.80791778 
1611363933,1.80791778 
1611363934,1.80791778 
1611363935,1.80791778 
1611363936,1.80791778 
1611363937,1.80791778 
1611363939,1.80791778 
1611363940,1.80791778 
1611363941,1.80791778 
1611363942,1.80791778 
1611363943,1.80791778 
1611363944,1.80791778 
1611363945,1.80791778 
1611363946,1.80079516 
1611363947,1.80079516 
1611363948,1.80079516 
1611363949,1.80079516 
1611363950,1.80079516 
1611363951,1.80079516 
1611363952,1.80079516 
1611363953,1.80079516 
1611363954,1.80079516 
1611363955,1.80079516 
1611363956,1.80079516 
1611363957,1.80079516 
1611363958,1.80079516 
1611363959,1.80079516 
1611363960,1.80079516 
1611363961,1.80079516 
1611363962,1.80079516 
1611363964,1.80079516 
1611363965,1.80079516 
1611363966,1.80079516 
1611363967,1.80079516 
1611363968,1.80079516 
1611363969,1.80079516 
1611363970,1.80079516 
1611363971,1.80079516 
1611363972,1.80079516 
1611363973,1.80079516 
1611363974,1.80079516 
1611363975,1.80079516 
1611363976,1.80079516 
1611363977,1.80079516 
1611363978,1.80079516 
1611363979,1.80079516 
1611363980,1.80079516 
1611363981,1.80079516 
1611363982,1.80079516 
1611363983,1.80079516 
1611363984,1.80079516 
1611363985,1.80079516 
1611363986,1.80079516 
1611363987,1.80079516 
1611363988,1.80079516 
1611363989,1.80079516 
1611363990,1.80079516 
1611363991,1.80079516 
1611363992,1.80079516 
1611363993,1.80079516 
1611363994,1.80079516 
1611363995,1.80079516 
1611363996,1.80079516 
1611363997,1.80079516 
1611363998,1.80079516 
1611363999,1.80079516 
1611364000,1.80079516 
1611364001,1.80079516 
1611364002,1.80079516 
1611364003,1.80079516 
1611364004,1.80079516 
1611364005,1.80079516 
1611364006,1.80079516 
1611364007,1.80079516 
1611364009,1.80079516 
1611364010,1.80079516 
1611364011,1.80079516 
1611364012,1.80079516 
1611364013,1.80079516 
1611364015,1.80079516 
1611364016,1.80079516 
1611364017,1.80079516 
1611364018,1.80079516 
1611364019,1.80079516 
1611364020,1.80079516 
1611364021,1.80079516 
1611364022,1.80079516 
1611364023,1.80079516 
1611364024,1.80079516 
1611364025,1.80079516 
1611364026,1.80079516 
1611364027,1.80079516 
1611364028,1.80079516 
1611364029,1.80079516 
1611364030,1.81270120 
1611364031,1.81270120 
1611364032,1.81270120 
1611364033,1.81270120 
1611364034,1.81270120 
1611364035,1.81270120 
1611364036,1.81270120 
1611364037,1.79694311 
1611364038,1.79694311 
1611364039,1.79694311 
1611364040,1.79694311 
1611364041,1.79694311 
1611364042,1.79694311 
1611364043,1.79694311 
1611364044,1.79694311 
1611364045,1.79694311 
1611364046,1.79694311 
1611364047,1.79694311 
1611364048,1.79694311 
1611364049,1.79694311 
1611364050,1.79694311 
1611364051,1.79694311 
1611364052,1.79694311 
1611364053,1.79694311 
1611364054,1.79694311 
1611364056,1.79694311 
1611364057,1.79694311 
1611364058,1.79694311 
1611364059,1.79694311 
1611364060,1.79694311 
1611364061,1.79694311 
1611364062,1.79694311 
1611364063,1.79694311 
1611364064,1.79694311 
1611364065,1.79694311 
1611364066,1.79694311 
1611364067,1.79694311 
1611364068,1.79694311 
1611364069,1.79694311 
1611364070,1.79694311 
1611364071,1.79694311 
1611364072,1.79694311 
1611364073,1.79694311 
1611364074,1.79694311 
1611364075,1.79694311 
1611364076,1.79694311 
1611364077,1.79694311 
1611364078,1.79694311 
1611364079,1.79694311 
1611364080,1.79694311 
1611364082,1.79694311 
1611364083,1.79694311 
1611364084,1.79694311 
1611364085,1.79694311 
1611364086,1.79694311 
1611364087,1.79694311 
1611364088,1.79694311 
1611364089,1.79694311 
1611364090,1.79694311 
1611364091,1.79694311 
1611364093,1.79694311 
1611364094,1.79694311 
1611364095,1.79694311 
1611364096,1.79694311 
1611364097,1.79694311 
1611364099,1.79694311 
1611364100,1.79694311 
1611364101,1.79694311 
1611364102,1.79694311 
1611364103,1.79694311 
1611364104,1.79694311 
1611364105,1.79694311 
1611364106,1.79694311 
1611364107,1.79694311 
1611364108,1.79694311 
1611364109,1.79694311 
1611364110,1.79694311 
1611364111,1.79694311 
1611364112,1.79694311 
1611364113,1.79694311 
1611364114,1.79694311 
1611364115,1.79694311 
1611364116,1.79694311 
1611364117,1.79694311 
1611364118,1.79694311 
1611364120,1.79694311 
1611364121,1.79694311 
1611364122,1.79694311 
1611364123,1.79694311 
1611364124,1.79694311 
1611364125,1.79694311 
1611364126,1.79694311 
1611364127,1.79694311 
1611364128,1.79694311 
1611364129,1.79694311 
1611364130,1.79694311 
1611364131,1.79694311 
1611364132,1.79694311 
1611364133,1.79694311 
1611364134,1.79694311 
1611364135,1.79694311 
1611364136,1.79694311 
1611364137,1.79694311 
1611364138,1.79694311 
1611364139,1.79694311 
1611364140,1.79694311 
1611364141,1.79694311 
1611364142,1.79694311 
1611364143,1.79694311 
1611364144,1.79694311 
1611364145,1.79694311 
1611364146,1.79694311 
1611364147,1.79694311 
1611364149,1.79694311 
1611364150,1.79694311 
1611364151,1.79694311 
1611364152,1.79694311 
1611364153,1.79694311 
1611364154,1.79694311 
1611364155,1.79694311 
1611364156,1.79694311 
1611364157,1.79694311 
1611364158,1.79694311 
1611364159,1.79694311 
1611364160,1.79694311 
1611364161,1.79694311 
1611364162,1.79694311 
1611364163,1.79694311 
1611364164,1.79694311 
1611364165,1.79694311 
1611364166,1.79694311 
1611364167,1.79694311 
1611364168,1.79694311 
1611364169,1.79694311 
1611364170,1.79694311 
1611364171,1.79694311 
1611364172,1.79694311 
1611364173,1.79694311 
1611364174,1.77988472 
1611364175,1.77988472 
1611364176,1.77988472 
1611364177,1.77988472 
1611364178,1.77988472 
1611364179,1.77988472 
1611364180,1.77988472 
1611364181,1.77988472 
1611364182,1.77988472 
1611364183,1.77988472 
1611364184,1.77988472 
1611364185,1.77988472 
1611364186,1.77988472 
1611364187,1.77988472 
1611364189,1.77988472 
1611364190,1.77988472 
1611364191,1.77988472 
1611364192,1.77988472 
1611364193,1.77988472 
1611364194,1.77988472 
1611364195,1.77988472 
1611364196,1.77988472 
1611364197,1.77988472 
1611364198,1.77988472 
1611364199,1.77988472 
1611364200,1.77988472 
1611364201,1.77988472 
1611364202,1.77988472 
1611364203,1.77988472 
1611364204,1.77988472 
1611364205,1.77988472 
1611364206,1.77988472 
1611364207,1.77988472 
1611364208,1.77988472 
1611364209,1.77988472 
1611364210,1.77988472 
1611364211,1.77988472 
1611364212,1.77988472 
1611364213,1.77988472 
1611364214,1.77988472 
1611364216,1.77988472 
1611364217,1.77988472 
1611364218,1.77988472 
1611364219,1.77988472 
1611364220,1.77988472 
1611364221,1.77988472 
1611364222,1.77988472 
1611364223,1.77988472 
1611364224,1.77988472 
1611364225,1.77988472 
1611364226,1.77988472 
1611364227,1.77988472 
1611364228,1.77988472 
1611364229,1.77988472 
1611364230,1.77988472 
1611364231,1.77988472 
1611364232,1.77988472 
1611364233,1.77988472 
1611364234,1.77988472 
1611364235,1.77988472 
1611364236,1.77988472 
1611364237,1.77988472 
1611364238,1.77988472 
1611364239,1.77988472 
1611364240,1.77988472 
1611364241,1.77964261 
1611364242,1.77939979 
1611364243,1.77939979 
1611364245,1.77939979 
1611364246,1.77939979 
1611364247,1.77939979 
1611364248,1.77939979 
1611364249,1.77939979 
1611364250,1.77939979 
1611364251,1.77939979 
1611364252,1.77939979 
1611364253,1.77939979 
1611364254,1.77939979 
1611364256,1.77939979 
1611364257,1.77939979 
1611364258,1.77939979 
1611364259,1.77939979 
1611364260,1.77939979 
1611364261,1.77939979 
1611364262,1.77939979 
1611364263,1.77939979 
1611364264,1.77939979 
1611364265,1.77939979 
1611364266,1.77939979 
1611364267,1.77939979 
1611364268,1.77939979 
1611364269,1.77939979 
1611364271,1.77939979 
1611364272,1.77939979 
1611364273,1.77939979 
1611364274,1.77939979 
1611364275,1.77939979 
1611364276,1.77939979 
1611364277,1.77918816 
1611364278,1.77918816 
1611364279,1.77918816 
1611364280,1.77918816 
1611364281,1.77918816 
1611364282,1.77918816 
1611364283,1.77918816 
1611364284,1.77918816 
1611364285,1.77918816 
1611364286,1.77918816 
1611364287,1.77918816 
1611364289,1.77918816 
1611364290,1.77918816 
1611364291,1.77918816 
1611364292,1.77918816 
1611364293,1.77918816 
1611364294,1.78134431 
1611364295,1.78134431 
1611364296,1.78134431 
1611364297,1.78134431 
1611364298,1.78134431 
1611364299,1.78134431 
1611364300,1.78134431 
1611364301,1.78134431 
1611364302,1.78134431 
1611364303,1.78134431 
1611364304,1.78134431 
1611364305,1.77870505 
1611364306,1.77870505 
1611364307,1.77870505 
1611364308,1.77870505 
1611364309,1.77870505 
1611364310,1.77870505 
1611364311,1.77870505 
1611364312,1.77870505 
1611364313,1.77870505 
1611364314,1.77870505 
1611364315,1.77870505 
1611364316,1.77870505 
1611364317,1.77870505 
1611364319,1.77870505 
1611364320,1.77870505 
1611364321,1.77870505 
1611364322,1.77870505 
1611364323,1.77870505 
1611364324,1.77870505 
1611364325,1.77870505 
1611364326,1.77870505 
1611364327,1.77870505 
1611364328,1.77228741 
1611364329,1.77228741 
1611364330,1.77228741 
1611364332,1.77228741 
1611364333,1.77228741 
1611364334,1.77228741 
1611364335,1.77228741 
1611364336,1.77228741 
1611364337,1.77228741 
1611364338,1.77228741 
1611364339,1.77228741 
1611364340,1.77228741 
1611364341,1.77228741 
1611364342,1.76898489 
1611364343,1.76567863 
1611364344,1.76567863 
1611364345,1.76567863 
1611364346,1.76567863 
1611364347,1.76567863 
1611364348,1.76567863 
1611364349,1.76567863 
1611364350,1.76567863 
1611364351,1.76567863 
1611364352,1.76567863 
1611364353,1.76567863 
1611364354,1.76567863 
1611364356,1.76567863 
1611364357,1.76567863 
1611364358,1.76567863 
1611364359,1.76567863 
1611364360,1.76567863 
1611364361,1.76567863 
1611364362,1.76567863 
1611364363,1.76567863 
1611364364,1.76567863 
1611364365,1.76567863 
1611364366,1.76567863 
1611364367,1.76567863 
1611364368,1.76567863 
1611364369,1.76567863 
1611364370,1.76567863 
1611364371,1.76567863 
1611364373,1.76567863 
1611364374,1.76567863 
1611364375,1.76567863 
1611364376,1.76567863 
1611364377,1.76567863 
1611364378,1.76567863 
1611364379,1.76567863 
1611364380,1.76567863 
1611364381,1.76567863 
1611364382,1.76567863 
1611364383,1.76567863 
1611364384,1.76567863 
1611364385,1.76567863 
1611364386,1.76567863 
1611364387,1.76567863 
1611364388,1.76567863 
1611364389,1.76567863 
1611364390,1.76567863 
1611364392,1.76567863 
1611364393,1.76567863 
1611364394,1.76567863 
1611364395,1.76567863 
1611364396,1.76567863 
1611364398,1.76567863 
1611364399,1.76567863 
1611364400,1.76567863 
1611364401,1.76567863 
1611364402,1.76567863 
1611364403,1.76567863 
1611364404,1.76567863 
1611364406,1.76489123 
1611364407,1.76489123 
1611364408,1.76489123 
1611364409,1.76489123 
1611364410,1.76489123 
1611364411,1.76489123 
1611364412,1.76489123 
1611364414,1.76489123 
1611364415,1.76489123 
1611364416,1.76471172 
1611364417,1.76471172 
1611364418,1.76471172 
1611364419,1.76471172 
1611364420,1.76471172 
1611364421,1.76471172 
1611364422,1.76471172 
1611364423,1.76471172 
1611364424,1.76471172 
1611364426,1.76471172 
1611364427,1.76471172 
1611364428,1.76471172 
1611364429,1.76471172 
1611364430,1.76471172 
1611364431,1.76471172 
1611364432,1.76471172 
1611364433,1.76471172 
1611364434,1.76471172 
1611364435,1.76471172 
1611364436,1.76471172 
1611364437,1.76471172 
1611364438,1.76471172 
1611364439,1.76471172 
1611364440,1.76471172 
1611364441,1.76471172 
1611364442,1.76471172 
1611364443,1.76471172 
1611364444,1.76471172 
1611364445,1.76471172 
1611364446,1.76471172 
1611364447,1.76471172 
1611364448,1.76471172 
1611364449,1.76471172 
1611364450,1.69333606 
1611364452,1.69333606 
1611364453,1.69333606 
1611364454,1.69333606 
1611364456,1.69333606 
1611364457,1.69333606 
1611364458,1.69333606 
1611364459,1.69333606 
1611364460,1.69333606 
1611364461,1.69333606 
1611364462,1.69333606 
1611364463,1.69333606 
1611364464,1.69333606 
1611364465,1.69333606 
1611364466,1.69333606 
1611364467,1.69333606 
1611364468,1.69333606 
1611364469,1.69333606 
1611364470,1.69333606 
1611364471,1.69333606 
1611364472,1.69333606 
1611364473,1.69333606 
1611364474,1.69333606 
1611364475,1.69333606 
1611364476,1.69333606 
1611364477,1.69333606 
1611364478,1.69333606 
1611364479,1.69333606 
1611364480,1.69333606 
1611364481,1.69333606 
1611364482,1.68740885 
1611364483,1.68740885 
1611364484,1.68740885 
1611364485,1.68740885 
1611364486,1.68740885 
1611364487,1.68740885 
1611364488,1.68740885 
1611364489,1.68740885 
1611364490,1.72249003 
1611364491,1.68740885 
1611364492,1.68740885 
1611364494,1.68740885 
1611364495,1.68740885 
1611364496,1.68740885 
1611364497,1.68740885 
1611364498,1.68740885 
1611364499,1.68740885 
1611364500,1.68740885 
1611364501,1.68740885 
1611364502,1.71200785 
1611364503,1.71200785 
1611364504,1.71200785 
1611364505,1.71200785 
1611364506,1.71200785 
1611364507,1.71200785 
1611364508,1.71200785 
1611364509,1.71200785 
1611364510,1.71200785 
1611364511,1.71200785 
1611364512,1.71200785 
1611364513,1.71200785 
1611364514,1.71200785 
1611364515,1.71200785 
1611364516,1.71200785 
1611364517,1.71200785 
1611364518,1.71200785 
1611364520,1.71200785 
1611364521,1.71200785 
1611364522,1.71200785 
1611364523,1.71200785 
1611364524,1.71200785 
1611364525,1.70474094 
1611364526,1.70474094 
1611364527,1.70474094 
1611364528,1.70474094 
1611364529,1.70474094 
1611364530,1.70474094 
1611364531,1.70474094 
1611364532,1.70474094 
1611364533,1.70474094 
1611364534,1.70474094 
1611364535,1.69775635 
1611364536,1.69775635 
1611364537,1.69775635 
1611364538,1.69775635 
1611364539,1.69775635 
1611364540,1.69775635 
1611364542,1.69775635 
1611364543,1.69775635 
1611364544,1.69775635 
1611364545,1.69775635 
1611364546,1.69775635 
1611364547,1.69775635 
1611364548,1.69775635 
1611364549,1.69775635 
1611364550,1.69775635 
1611364551,1.69775635 
1611364552,1.69775635 
1611364553,1.69775635 
1611364554,1.69775635 
1611364555,1.69775635 
1611364556,1.69775635 
1611364557,1.69775635 
1611364558,1.69775635 
1611364559,1.69775635 
1611364560,1.69775635 
1611364561,1.69775635 
1611364562,1.69775635 
1611364563,1.69775635 
1611364564,1.69775635 
1611364565,1.69775635 
1611364566,1.69775635 
1611364567,1.69775635 
1611364568,1.69775635 
1611364569,1.69775635 
1611364570,1.69775635 
1611364571,1.69775635 
1611364572,1.69711994 
1611364574,1.69648186 
1611364575,1.69648186 
1611364576,1.69648186 
1611364577,1.69648186 
1611364578,1.69648186 
1611364579,1.69648186 
1611364581,1.69648186 
1611364582,1.69648186 
1611364583,1.69648186 
1611364584,1.69648186 
1611364585,1.69648186 
1611364586,1.69648186 
1611364587,1.69648186 
1611364588,1.69648186 
1611364589,1.69648186 
1611364590,1.69648186 
1611364591,1.69601022 
1611364592,1.69601022 
1611364593,1.69601022 
1611364594,1.69601022 
1611364595,1.69601022 
1611364596,1.69601022 
1611364597,1.69601022 
1611364599,1.69601022 
1611364600,1.69601022 
1611364601,1.69601022 
1611364602,1.69601022 
1611364603,1.69601022 
1611364604,1.69601022 
1611364605,1.69601022 
1611364606,1.69601022 
1611364607,1.69601022 
1611364608,1.69601022 
1611364609,1.69601022 
1611364610,1.69601022 
1611364611,1.69601022 
1611364612,1.69601022 
1611364613,1.69601022 
1611364614,1.69601022 
1611364615,1.69601022 
1611364616,1.69601022 
1611364617,1.69601022 
1611364618,1.69601022 
1611364619,1.69601022 
1611364620,1.69601022 
1611364621,1.69601022 
1611364622,1.69601022 
1611364623,1.69601022 
1611364624,1.69601022 
1611364625,1.69601022 
1611364626,1.69601022 
1611364627,1.69601022 
1611364628,1.69601022 
1611364629,1.68102778 
1611364630,1.68102778 
1611364631,1.68102778 
1611364633,1.68102778 
1611364634,1.68102778 
1611364635,1.68102778 
1611364636,1.68102778 
1611364637,1.68102778 
1611364638,1.68102778 
1611364639,1.68102778 
1611364640,1.68102778 
1611364641,1.68102778 
1611364642,1.68102778 
1611364643,1.68102778 
1611364644,1.68102778 
1611364645,1.68102778 
1611364646,1.68102778 
1611364647,1.68102778 
1611364648,1.68102778 
1611364649,1.68102778 
1611364651,1.68102778 
1611364652,1.68102778 
1611364653,1.68102778 
1611364654,1.68102778 
1611364655,1.68102778 
1611364656,1.68102778 
1611364657,1.68102778 
1611364658,1.68102778 
1611364659,1.66527341 
1611364660,1.66527341 
1611364661,1.66527341 
1611364662,1.66527341 
1611364663,1.66527341 
1611364664,1.66527341 
1611364665,1.66527341 
1611364666,1.66527341 
1611364667,1.66527341 
1611364668,1.66527341 
1611364669,1.66527341 
1611364670,1.66527341 
1611364671,1.66527341 
1611364672,1.66527341 
1611364673,1.66527341 
1611364674,1.66527341 
1611364675,1.66527341 
1611364676,1.66527341 
1611364677,1.66527341 
1611364678,1.66527341 
1611364679,1.66527341 
1611364680,1.66527341 
1611364682,1.66527341 
1611364683,1.66527341 
1611364684,1.66527341 
1611364685,1.66527341 
1611364686,1.66527341 
1611364687,1.66527341 
1611364688,1.66527341 
1611364691,1.66527341 
1611364692,1.66527341 
1611364693,1.66527341 
1611364694,1.66527341 
1611364695,1.66527341 
1611364696,1.66527341 
1611364697,1.66527341 
1611364698,1.66527341 
1611364699,1.66527341 
1611364700,1.66527341 
1611364701,1.66527341 
1611364702,1.66527341 
1611364703,1.66527341 
1611364704,1.66527341 
1611364705,1.66527341 
1611364706,1.66527341 
1611364707,1.66527341 
1611364709,1.66527341 
1611364710,1.66527341 
1611364711,1.66527341 
1611364712,1.66527341 
1611364713,1.66527341 
1611364714,1.66527341 
1611364715,1.66527341 
1611364716,1.66527341 
1611364717,1.66527341 
1611364718,1.66527341 
1611364719,1.66527341 
1611364720,1.66527341 
1611364721,1.66527341 
1611364722,1.66527341 
1611364723,1.66527341 
1611364724,1.66527341 
1611364725,1.66527341 
1611364726,1.66527341 
1611364727,1.66527341 
1611364728,1.66527341 
1611364729,1.66527341 
1611364730,1.66485559 
1611364731,1.66485559 
1611364732,1.66485559 
1611364733,1.66485559 
1611364734,1.66485559 
1611364735,1.66485559 
1611364736,1.66485559 
1611364737,1.66485559 
1611364738,1.66485559 
1611364739,1.66485559 
1611364740,1.66485559 
1611364741,1.66485559 
1611364742,1.66485559 
1611364743,1.67159684 
1611364744,1.67159684 
1611364746,1.67159684 
1611364747,1.67159684 
1611364748,1.67159684 
1611364749,1.67159684 
1611364750,1.67159684 
1611364751,1.67159684 
1611364752,1.67159684 
1611364753,1.67159684 
1611364754,1.67159684 
1611364755,1.67159684 
1611364756,1.67159684 
1611364757,1.67159684 
1611364758,1.67159684 
1611364759,1.67159684 
1611364760,1.67159684 
1611364761,1.67159684 
1611364762,1.67159684 
1611364763,1.67159684 
1611364764,1.67159684 
1611364765,1.67159684 
1611364766,1.67159684 
1611364767,1.67159684 
1611364768,1.67159684 
1611364769,1.67159684 
1611364770,1.67159684 
1611364771,1.67159684 
1611364772,1.67159684 
1611364773,1.67159684 
1611364775,1.67159684 
1611364776,1.67159684 
1611364777,1.67159684 
1611364778,1.67159684 
1611364779,1.65811731 
1611364780,1.64451035 
1611364781,1.64451035 
1611364782,1.64451035 
1611364783,1.64451035 
1611364784,1.64451035 
1611364785,1.64451035 
1611364786,1.64451035 
1611364787,1.64451035 
1611364788,1.64451035 
1611364789,1.64451035 
1611364790,1.67119422 
1611364791,1.67119422 
1611364792,1.67119422 
1611364793,1.67119422 
1611364794,1.67119422 
1611364795,1.67119422 
1611364796,1.67119422 
1611364797,1.67119422 
1611364799,1.67119422 
1611364800,1.67119422 
1611364801,1.67119422 
1611364802,1.67119422 
1611364803,1.67119422 
1611364804,1.67119422 
1611364805,1.67119422 
1611364806,1.67119422 
1611364807,1.67119422 
1611364808,1.67119422 
1611364809,1.67119422 
1611364810,1.67119422 
1611364811,1.67119422 
1611364812,1.67119422 
1611364813,1.67119422 
1611364814,1.67119422 
1611364815,1.67119422 
1611364816,1.67119422 
1611364817,1.67119422 
1611364818,1.67119422 
1611364819,1.67119422 
1611364820,1.67119422 
1611364821,1.67119422 
1611364822,1.67119422 
1611364823,1.65678338 
1611364824,1.65678338 
1611364825,1.65678338 
1611364826,1.65678338 
1611364827,1.65678338 
1611364828,1.66383882 
1611364829,1.66383882 
1611364830,1.64975786 
1611364831,1.64975786 
1611364832,1.65678338 
1611364835,1.67221511 
1611364836,1.67342988 
1611364837,1.67342988 
1611364838,1.67342988 
1611364839,1.67342988 
1611364840,1.67342988 
1611364841,1.67342988 
1611364842,1.67342988 
1611364843,1.67342988 
1611364844,1.67342988 
1611364845,1.67342988 
1611364846,1.67342988 
1611364847,1.67342988 
1611364848,1.67342988 
1611364850,1.67342988 
1611364851,1.67342988 
1611364852,1.67342988 
1611364853,1.67342988 
1611364854,1.67342988 
1611364855,1.67342988 
1611364856,1.67342988 
1611364857,1.67342988 
1611364858,1.67342988 
1611364859,1.67342988 
1611364860,1.67342988 
1611364861,1.67342988 
1611364862,1.67342988 
1611364863,1.67342988 
1611364864,1.67342988 
1611364866,1.67342988 
1611364867,1.67342988 
1611364868,1.67342988 
1611364869,1.67342988 
1611364870,1.67342988 
1611364871,1.67342988 
1611364872,1.67342988 
1611364873,1.67342988 
1611364874,1.67342988 
1611364875,1.67342988 
1611364876,1.67342988 
1611364877,1.67342988 
1611364878,1.67342988 
1611364879,1.67342988 
1611364880,1.67342988 
1611364881,1.67342988 
1611364882,1.67342988 
1611364883,1.67342988 
1611364884,1.67342988 
1611364885,1.67342988 
1611364886,1.67342988 
1611364887,1.67342988 
1611364888,1.67342988 
1611364889,1.67342988 
1611364890,1.67342988 
1611364891,1.67342988 
1611364892,1.67342988 
1611364893,1.67342988 
1611364894,1.67342988 
1611364895,1.67342988 
1611364897,1.67342988 
1611364898,1.67342988 
1611364899,1.67342988 
1611364900,1.67342988 
1611364901,1.67342988 
1611364902,1.67342988 
1611364903,1.67342988 
1611364904,1.67342988 
1611364905,1.67342988 
1611364906,1.67342988 
1611364907,1.67342988 
1611364908,1.67342988 
1611364909,1.67342988 
1611364910,1.67342988 
1611364911,1.67342988 
1611364912,1.67342988 
1611364913,1.67342988 
1611364914,1.67342988 
1611364915,1.67342988 
1611364916,1.67342988 
1611364917,1.67342988 
1611364918,1.67342988 
1611364919,1.67342988 
1611364920,1.67342988 
1611364921,1.67342988 
1611364922,1.67342988 
1611364923,1.67342988 
